{
    "jelatin": 7127,
    "gold": 992000,
    "jelly_unlock_list": [
        true,
        true,
        true,
        false,
        false,
        false,
        false,
        false,
        false,
        false,
        false,
        false
    ],
    "jelly_list": [
        {
            "id": 0,
            "level": 3,
            "exp": 100.00023651123047,
            "pos": {
                "x": 0.7499738335609436,
                "y": 0.6080557703971863,
                "z": 177.6683349609375
            }
        },
        {
            "id": 0,
            "level": 3,
            "exp": 100.00001525878906,
            "pos": {
                "x": -5.609865188598633,
                "y": 0.2425146996974945,
                "z": 0.2425146996974945
            }
        },
        {
            "id": 2,
            "level": 2,
            "exp": 62.6679801940918,
            "pos": {
                "x": 2.8966047763824465,
                "y": -1.3491816520690919,
                "z": -1.3491816520690919
            }
        },
        {
            "id": 2,
            "level": 2,
            "exp": 61.56901931762695,
            "pos": {
                "x": 4.304132461547852,
                "y": -0.16043737530708314,
                "z": -0.16043737530708314
            }
        }
    ],
    "num_level": 3,
    "click_level": 3,
    "bgm_vol": 0.44526636600494387,
    "sfx_vol": 0.5121300220489502
}